game_id,date,home,away,home_score,away_score,spread_home,total
401867793,2026-05-02,MIN,TOR,73.0,66.0,,
401867795,2026-05-03,ATL,WAS,72.0,83.0,,
401866519,2026-05-03,CON,NYL,67.0,79.0,,
401866520,2026-05-03,DAL,LVA,101.0,84.0,,
401866521,2026-05-03,PDX,LAS,75.0,85.0,,
401856890,2026-05-08,NYL,CON,106.0,75.0,-9.5,160.5
401856891,2026-05-08,TOR,WAS,65.0,68.0,-1.5,160.5
401856892,2026-05-09,SEA,GSV,80.0,91.0,5.5,156.5
401856894,2026-05-09,LVA,PHO,66.0,99.0,-9.5,168.5
401856893,2026-05-09,IND,DAL,104.0,107.0,-5.0,179.0
401856899,2026-05-10,MIN,ATL,90.0,91.0,6.0,160.5
401856898,2026-05-10,LAS,LVA,78.0,105.0,1.5,177.5
401856897,2026-05-10,WAS,NYL,93.0,98.0,5.0,165.0
401856896,2026-05-10,CON,SEA,82.0,89.0,-2.5,164.0
401856895,2026-05-10,PDX,CHI,83.0,98.0,5.0,163.5
401856900,2026-05-11,GSV,PHO,95.0,79.0,-2.5,157.5
401856902,2026-05-13,PHO,MIN,84.0,88.0,-5.0,167.5
401856903,2026-05-13,PDX,NYL,98.0,96.0,11.0,175.0
401856901,2026-05-13,DAL,ATL,72.0,77.0,1.5,181.0
401856904,2026-05-13,TOR,SEA,86.0,73.0,-3.0,168.0
401856905,2026-05-14,CON,LVA,69.0,98.0,14.5,172.0
401856907,2026-05-14,LAS,IND,78.0,87.0,1.0,186.0
401856906,2026-05-14,GSV,CHI,63.0,69.0,-6.0,166.5
401856910,2026-05-15,CON,LVA,94.0,101.0,15.0,172.5
401856911,2026-05-15,IND,WAS,102.0,104.0,-8.5,170.0
401856908,2026-05-15,DAL,MIN,86.0,90.0,-3.5,178.5
401856909,2026-05-15,PDX,NYL,82.0,100.0,,
401856912,2026-05-16,LAS,TOR,99.0,95.0,-8.0,170.0
401856913,2026-05-16,PHO,CHI,91.0,83.0,-4.0,165.0
401856916,2026-05-17,IND,SEA,89.0,78.0,-12.0,176.5
401856914,2026-05-17,MIN,CHI,79.0,86.0,-5.5,166.0
401856915,2026-05-17,ATL,LVA,84.0,85.0,3.5,171.5
401856917,2026-05-17,LAS,TOR,96.0,106.0,-7.5,174.5
401856919,2026-05-19,PDX,CON,83.0,82.0,-3.5,174.0
401856918,2026-05-19,DAL,WAS,92.0,69.0,-4.0,170.0
401856921,2026-05-20,IND,PDX,90.0,73.0,-10.0,175.5
401856920,2026-05-20,PHO,TOR,90.0,98.0,-7.5,170.5
401856923,2026-05-21,SEA,CON,78.0,80.0,-2.0,165.5
401856922,2026-05-21,CHI,DAL,89.0,99.0,3.0,170.0
401856925,2026-05-22,MIN,TOR,100.0,72.0,-5.5,172.5
401856926,2026-05-22,PHO,LAS,88.0,97.0,-2.5,178.5
401856924,2026-05-22,NYL,GSV,70.0,87.0,-5.5,168.5
401856927,2026-05-22,ATL,DAL,86.0,69.0,-5.5,173.5
401856928,2026-05-22,IND,GSV,90.0,82.0,-5.0,167.5
401856931,2026-05-23,TOR,PDX,80.0,99.0,-5.5,172.5
401856929,2026-05-23,SEA,CON,77.0,59.0,,
401856930,2026-05-23,CHI,MIN,75.0,85.0,1.5,168.5
401856935,2026-05-24,SEA,WAS,97.0,85.0,5.0,158.0
401856934,2026-05-24,NYL,DAL,76.0,91.0,-6.0,180.0
401856933,2026-05-24,ATL,PHO,82.0,80.0,-6.0,168.5
401856932,2026-05-24,LVA,LAS,95.0,101.0,-9.5,181.5
401856936,2026-05-26,NYL,PDX,74.0,81.0,-10.5,172.5
401856937,2026-05-26,GSV,CON,97.0,70.0,-14.0,158.0
401856938,2026-05-27,NYL,PHO,84.0,74.0,-4.5,169.5
401856942,2026-05-28,SEA,WAS,64.0,78.0,3.5,160.5
401856941,2026-05-28,PDX,CON,71.0,61.0,-7.5,166.5
401856940,2026-05-28,MIN,ATL,96.0,81.0,2.5,166.5
401856939,2026-05-28,CHI,TOR,104.0,111.0,-4.5,173.5
401856945,2026-05-29,NYL,PHO,75.0,68.0,-5.5,170.5
401856946,2026-05-29,WAS,LAS,87.0,92.0,-2.5,165.0
401856943,2026-05-29,DAL,LVA,95.0,87.0,5.5,178.5
401856944,2026-05-29,GSV,IND,90.0,88.0,-1.5,167.5
401856947,2026-05-29,CHI,MIN,58.0,79.0,4.5,172.5
401856950,2026-05-30,CON,LAS,84.0,81.0,3.5,168.5
401856948,2026-05-30,PDX,ATL,66.0,86.0,9.0,163.5
401856949,2026-05-30,TOR,SEA,93.0,72.0,-6.5,171.5
401856951,2026-05-31,PDX,IND,100.0,84.0,11.0,174.0
401856952,2026-05-31,GSV,LVA,81.0,91.0,2.0,168.0
401856955,2026-06-02,ATL,CON,91.0,75.0,-14.0,161.0
401856956,2026-06-02,WAS,CHI,90.0,72.0,2.0,161.5
401856953,2026-06-02,DAL,SEA,79.0,56.0,-13.5,166.5
401856954,2026-06-02,PHO,MIN,77.0,111.0,2.0,167.0
401856959,2026-06-03,NYL,TOR,97.0,82.0,-8.5,173.5
401856957,2026-06-03,GSV,PDX,95.0,77.0,-9.0,160.5
401856958,2026-06-03,LAS,LVA,69.0,79.0,7.5,177.0
401856961,2026-06-04,IND,ATL,83.0,71.0,1.0,173.5
401856960,2026-06-04,SEA,PHO,68.0,72.0,7.0,160.0
401856962,2026-06-05,MIN,GSV,87.0,84.0,-3.5,168.5
401856963,2026-06-05,CHI,CON,85.0,80.0,-6.0,163.5
401856964,2026-06-06,LAS,DAL,96.0,104.0,2.5,178.0
401856966,2026-06-06,MIN,SEA,88.0,68.0,-13.5,162.0
401856965,2026-06-06,PDX,PHO,72.0,78.0,-4.5,159.5
401856967,2026-06-06,LVA,GSV,84.0,79.0,-3.0,166.5
401856968,2026-06-06,ATL,WAS,109.0,77.0,-9.0,160.5
401856970,2026-06-07,TOR,CHI,85.0,68.0,-3.5,175.5
401856969,2026-06-07,NYL,IND,83.0,75.0,-3.0,175.0
401856971,2026-06-07,LAS,PDX,89.0,72.0,-7.5,175.0
401856972,2026-06-08,CON,NYL,80.0,89.0,12.0,163.0
401856973,2026-06-08,WAS,IND,76.0,78.0,5.5,171.5
401856975,2026-06-09,CHI,ATL,75.0,82.0,9.5,165.0
401856974,2026-06-09,LVA,SEA,101.0,91.0,-15.5,163.0
401856978,2026-06-10,TOR,CON,106.0,102.0,-8.5,167.0
401856976,2026-06-10,MIN,DAL,100.0,76.0,-4.5,171.0
401856977,2026-06-10,GSV,PHO,87.0,81.0,-8.0,162.5
401856979,2026-06-11,SEA,LAS,83.0,88.0,8.0,170.0
401856980,2026-06-11,IND,CHI,114.0,106.0,-9.5,172.0
401856981,2026-06-11,ATL,NYL,90.0,104.0,-3.5,165.0
401856982,2026-06-12,DAL,PHO,85.0,70.0,-6.5,169.0
401856984,2026-06-12,WAS,TOR,86.0,85.0,1.0,169.0
401856983,2026-06-12,PDX,LVA,89.0,105.0,11.0,171.0
401856985,2026-06-13,SEA,GSV,72.0,76.0,9.5,157.5
401856986,2026-06-13,CON,IND,75.0,85.0,8.5,170.5
401856990,2026-06-14,NYL,WAS,86.0,64.0,-14.0,166.5
401856989,2026-06-14,PHO,LAS,102.0,111.0,1.0,172.0
401856991,2026-06-14,TOR,ATL,77.0,102.0,6.5,170.5
401856988,2026-06-14,PDX,DAL,84.0,83.0,3.5,167.5
401856987,2026-06-14,LVA,MIN,100.0,97.0,-3.5,174.5
401856993,2026-06-16,MIN,PDX,107.0,74.0,-14.5,169.0
401856994,2026-06-16,GSV,LAS,78.0,58.0,-5.5,172.5
401856992,2026-06-16,DAL,LVA,96.0,66.0,2.5,178.0
401856995,2026-06-16,IND,TOR,113.0,91.0,-8.5,179.5
401856996,2026-06-17,CON,WAS,81.0,88.0,-1.5,159.5
401856997,2026-06-18,CHI,NYL,95.0,96.0,10.0,169.5
401857001,2026-06-18,PDX,SEA,94.0,89.0,-4.0,162.5
401856999,2026-06-18,LAS,MIN,83.0,99.0,11.0,173.5
401856998,2026-06-18,GSV,DAL,91.0,80.0,-3.5,165.0
401857002,2026-06-18,IND,ATL,101.0,108.0,1.5,173.5
401857000,2026-06-18,PHO,LVA,76.0,86.0,6.5,172.0
401857003,2026-06-19,CON,TOR,97.0,101.0,-2.0,168.5
401857004,2026-06-19,NYL,WAS,83.0,86.0,-12.5,168.5
401857006,2026-06-20,ATL,IND,113.0,96.0,-5.0,176.5
401857007,2026-06-20,PHO,SEA,93.0,73.0,-6.5,163.0
401857005,2026-06-20,GSV,MIN,75.0,81.0,2.5,166.0
401857009,2026-06-21,LVA,GSV,92.0,73.0,-3.5,167.5
401857010,2026-06-21,MIN,WAS,79.0,84.0,-14.5,169.5
401857008,2026-06-21,DAL,CHI,93.0,92.0,-10.0,174.0
401857012,2026-06-22,CON,CHI,92.0,63.0,3.5,169.5
401857013,2026-06-22,ATL,TOR,94.0,87.0,-15.5,178.5
401857011,2026-06-22,LAS,NYL,98.0,97.0,6.0,181.5
401857015,2026-06-23,SEA,DAL,110.0,112.0,10.0,170.5
401857014,2026-06-23,IND,PHO,86.0,77.0,-8.0,178.0
401857017,2026-06-24,IND,PHO,109.0,111.0,-8.5,177.5
401857016,2026-06-24,LVA,NYL,76.0,87.0,-3.0,178.5
401857018,2026-06-24,WAS,MIN,76.0,78.0,8.5,169.5
401857020,2026-06-25,GSV,ATL,77.0,66.0,2.0,163.5
401857021,2026-06-25,TOR,LAS,125.0,97.0,1.0,180.5
401857019,2026-06-25,CHI,PDX,101.0,78.0,-4.0,171.5
401857025,2026-06-26,CHI,PDX,124.0,94.0,-6.5,173.5
401857023,2026-06-26,SEA,NYL,99.0,88.0,9.0,167.0
401857024,2026-06-26,CON,WAS,68.0,57.0,3.0,164.5
401857022,2026-06-26,LVA,DAL,99.0,84.0,-6.0,179.5
401857026,2026-06-27,GSV,ATL,78.0,75.0,,
401857027,2026-06-27,TOR,PHO,80.0,89.0,-5.5,179.0
401857029,2026-06-28,SEA,ATL,105.0,90.0,9.5,169.0
401857031,2026-06-28,WAS,PDX,124.0,123.0,-7.0,168.0
401857028,2026-06-28,IND,LAS,111.0,87.0,-7.0,182.0
401857033,2026-06-28,GSV,NYL,76.0,67.0,-1.0,164.0
401857030,2026-06-28,DAL,MIN,77.0,85.0,3.5,178.5
401857032,2026-06-28,CHI,LVA,99.0,107.0,7.5,181.0
401857321,2026-06-30,NYL,LVA,93.0,85.0,-7.0,174.0
401857034,2026-07-02,WAS,ATL,81.0,76.0,9.0,167.0
401857035,2026-07-03,CON,DAL,83.0,86.0,7.0,172.0
401857036,2026-07-03,PHO,SEA,90.0,67.0,-4.5,170.0
401857037,2026-07-03,NYL,MIN,99.0,86.0,3.0,174.5
401857038,2026-07-04,LVA,CHI,98.0,90.0,-4.0,179.5
401857039,2026-07-04,ATL,GSV,83.0,88.0,-5.0,163.0
401857040,2026-07-05,SEA,PDX,72.0,77.0,-4.5,173.5
401857041,2026-07-05,TOR,DAL,76.0,89.0,6.5,185.5
401857042,2026-07-05,LVA,IND,68.0,84.0,-2.5,180.0
401857043,2026-07-06,WAS,GSV,49.0,62.0,7.5,155.5
401857044,2026-07-07,MIN,CON,89.0,90.0,-11.5,165.5
401857045,2026-07-07,LAS,SEA,64.0,82.0,-4.0,177.0
401857049,2026-07-08,CON,MIN,80.0,86.0,7.5,166.0
401857047,2026-07-08,PHO,CHI,66.0,77.0,-4.0,176.0
401857046,2026-07-08,NYL,DAL,77.0,88.0,-4.5,175.5
401857048,2026-07-08,TOR,GSV,75.0,83.0,8.5,165.0
401857050,2026-07-09,LAS,IND,106.0,92.0,6.0,182.5
401857053,2026-07-10,PDX,LVA,80.0,88.0,9.5,175.5
401857051,2026-07-10,ATL,SEA,89.0,78.0,-13.0,170.5
401857052,2026-07-10,PHO,IND,89.0,92.0,1.5,171.5
401857054,2026-07-10,CON,GSV,64.0,79.0,6.0,153.0
401857055,2026-07-10,TOR,DAL,95.0,108.0,8.5,179.5
401857059,2026-07-11,ATL,PDX,92.0,102.0,-12.5,175.0
401857058,2026-07-11,LVA,PHO,106.0,58.0,-8.5,168.5
401857057,2026-07-11,MIN,NYL,90.0,85.0,-5.0,173.5
401857056,2026-07-11,LAS,CHI,102.0,87.0,-1.0,177.5
401857060,2026-07-12,TOR,NYL,93.0,91.0,7.0,179.0
401857061,2026-07-12,WAS,SEA,84.0,79.0,-6.0,162.5
401857062,2026-07-12,DAL,CHI,96.0,91.0,-10.0,178.0
401857064,2026-07-13,ATL,LAS,101.0,92.0,-10.5,181.5
401857063,2026-07-13,LVA,IND,75.0,109.0,-6.0,180.5
401857067,2026-07-14,TOR,WAS,62.0,79.0,1.5,171.0
401857065,2026-07-14,MIN,PHO,104.0,100.0,-10.5,170.0
401857066,2026-07-14,CON,PDX,90.0,87.0,-2.5,167.5
401857069,2026-07-15,MIN,LAS,96.0,87.0,-10.5,181.5
401857070,2026-07-15,IND,GSV,75.0,88.0,-2.5,165.5
401857068,2026-07-15,CHI,SEA,95.0,90.0,-3.0,170.0
401857072,2026-07-16,DAL,NYL,,,,
401857071,2026-07-16,WAS,PDX,56.0,75.0,-7.0,162.5
401857074,2026-07-17,TOR,ATL,92.0,111.0,10.5,181.0
401857076,2026-07-17,PHO,CON,83.0,96.0,-4.0,163.5
401857073,2026-07-17,IND,SEA,110.0,107.0,-8.5,177.5
401857075,2026-07-17,CHI,LAS,96.0,82.0,-2.0,182.5
401857079,2026-07-18,GSV,WAS,74.0,69.0,-8.5,148.5
401857077,2026-07-18,IND,NYL,108.0,88.0,1.0,185.5
401857078,2026-07-18,MIN,PDX,101.0,93.0,-13.0,174.0
401857082,2026-07-19,PHO,CON,72.0,63.0,-4.5,165.5
401857080,2026-07-19,DAL,LAS,90.0,82.0,-7.5,183.5
401857081,2026-07-19,ATL,CHI,93.0,91.0,-12.5,180.0
401857083,2026-07-20,TOR,LVA,83.0,109.0,10.5,181.5
401857085,2026-07-20,SEA,MIN,102.0,105.0,9.0,175.5
401857084,2026-07-20,GSV,WAS,82.0,90.0,-8.5,147.5
401892393,2026-07-20,DAL,NYL,98.0,99.0,4.5,175.0
401857086,2026-07-22,LAS,PHO,82.0,86.0,1.0,176.0
401857088,2026-07-22,NYL,CHI,95.0,94.0,-7.5,178.0
401857089,2026-07-22,WAS,LVA,100.0,99.0,6.0,164.5
401857087,2026-07-22,SEA,MIN,76.0,86.0,10.5,179.0
401857090,2026-07-22,IND,CON,123.0,88.0,-10.0,178.5
401857091,2026-07-22,PDX,DAL,97.0,101.0,7.0,177.0
401857093,2026-07-28,MIN,TOR,100.0,93.0,-17.5,187.0
401857096,2026-07-28,LAS,NYL,109.0,113.0,5.0,182.5
401857092,2026-07-28,WAS,CON,92.0,84.0,-6.0,160.5
401857094,2026-07-28,SEA,IND,95.0,105.0,9.5,186.5
401857095,2026-07-28,LVA,PDX,98.0,83.0,-12.5,177.0
401857097,2026-07-29,DAL,ATL,81.0,82.0,2.0,183.0
401857098,2026-07-29,PHO,GSV,91.0,89.0,3.5,156.0
401857099,2026-07-30,TOR,MIN,72.0,104.0,12.5,185.0
401857100,2026-07-30,CHI,CON,94.0,88.0,-5.5,176.0
401857101,2026-07-30,LVA,NYL,104.0,99.0,-4.0,182.5
401857102,2026-07-31,ATL,SEA,98.0,89.0,-12.0,179.0
401857103,2026-07-31,WAS,DAL,81.0,75.0,3.0,166.5
401857104,2026-07-31,PDX,IND,98.0,112.0,7.5,189.0
401857106,2026-08-01,PHO,NYL,92.0,94.0,3.0,177.0
401857105,2026-08-01,CHI,LVA,84.0,83.0,5.5,184.0
401857109,2026-08-02,DAL,CON,83.0,63.0,-10.5,174.5
401857110,2026-08-02,GSV,TOR,96.0,79.0,-14.0,164.5
401857107,2026-08-02,MIN,IND,108.0,100.0,-5.5,190.5
401857108,2026-08-02,PDX,LAS,101.0,106.0,1.0,186.0
401857113,2026-08-03,CHI,PHO,101.0,106.0,2.0,180.0
401857111,2026-08-03,ATL,LVA,87.0,109.0,-2.5,182.5
401857112,2026-08-03,NYL,SEA,95.0,83.0,-7.5,182.0
bdb_1022600225,2026-08-04,GSV,TOR,92.0,81.0,-11.0,170.0
bdb_1022600227,2026-08-05,NYL,SEA,92.0,86.0,-8.0,183.0
bdb_1022600229,2026-08-05,CHI,LAS,95.0,88.0,-2.5,186.5
bdb_1022600228,2026-08-05,WAS,DAL,96.0,92.0,1.5,168.0
bdb_1022600226,2026-08-05,ATL,PHO,96.0,82.0,-7.0,182.5
bdb_1022600231,2026-08-06,MIN,LAS,82.0,89.0,-16.0,187.0
bdb_1022600232,2026-08-06,PDX,TOR,97.0,83.0,-2.5,187.5
bdb_1022600230,2026-08-06,IND,LVA,84.0,86.0,-1.0,192.5
bdb_1022600233,2026-08-07,CON,PHO,75.0,72.0,5.5,173.5
bdb_1022600234,2026-08-07,WAS,ATL,79.0,74.0,6.0,171.5
bdb_1022600235,2026-08-07,DAL,GSV,76.0,94.0,1.0,160.5
bdb_1022600237,2026-08-08,CHI,IND,86.0,90.0,6.0,192.0
bdb_1022600238,2026-08-08,PDX,SEA,100.0,93.0,1.5,180.5
bdb_1022600236,2026-08-08,MIN,LVA,98.0,87.0,-5.0,181.5
bdb_1022600239,2026-08-09,NYL,LVA,111.0,71.0,-12.0,175.0
bdb_1022600242,2026-08-09,LAS,GSV,78.0,84.0,7.0,170.0
bdb_1022600240,2026-08-09,WAS,PHO,95.0,75.0,-1.0,168.5
bdb_1022600241,2026-08-09,MIN,DAL,103.0,90.0,-7.5,179.0
bdb_1022600243,2026-08-10,ATL,TOR,107.0,95.0,-15.0,187.0
bdb_1022600244,2026-08-10,SEA,CHI,97.0,88.0,2.5,179.5
bdb_1022600247,2026-08-11,LAS,PHO,87.0,94.0,-1.5,179.5
bdb_1022600245,2026-08-11,IND,NYL,106.0,92.0,-3.0,190.5
bdb_1022600246,2026-08-11,LVA,WAS,86.0,76.0,-6.0,172.0
bdb_1022600250,2026-08-12,PDX,MIN,81.0,85.0,12.0,187.0
bdb_1022600248,2026-08-12,DAL,TOR,94.0,88.0,-9.0,184.0
bdb_1022600249,2026-08-12,GSV,CHI,91.0,71.0,-7.5,166.5
bdb_1022600252,2026-08-13,NYL,LAS,85.0,81.0,-8.0,186.5
bdb_1022600253,2026-08-13,LVA,WAS,83.0,76.0,-5.5,173.0
bdb_1022600251,2026-08-13,CON,ATL,69.0,104.0,9.5,174.0
bdb_1022600254,2026-08-14,IND,DAL,98.0,87.0,-7.5,186.5
bdb_1022600255,2026-08-14,SEA,PDX,82.0,84.0,-2.0,182.0
bdb_1022600258,2026-08-15,LVA,MIN,87.0,92.0,1.5,182.0
bdb_1022600256,2026-08-15,CON,NYL,75.0,82.0,8.5,172.0
bdb_1022600257,2026-08-15,WAS,LAS,80.0,70.0,-7.5,174.0
bdb_1022600261,2026-08-16,ATL,IND,91.0,95.0,1.0,188.5
bdb_1022600260,2026-08-16,PHO,PDX,85.0,88.0,-4.5,178.0
bdb_1022600259,2026-08-16,SEA,CHI,80.0,82.0,2.5,177.5
bdb_1022600262,2026-08-17,GSV,DAL,78.0,70.0,-5.5,163.5
bdb_1022600265,2026-08-18,CHI,NYL,93.0,86.0,4.5,180.5
bdb_1022600264,2026-08-18,TOR,IND,95.0,101.0,11.5,190.5
bdb_1022600266,2026-08-18,LVA,ATL,82.0,97.0,-3.5,180.0
bdb_1022600263,2026-08-18,CON,LAS,85.0,77.0,2.0,170.5
bdb_1022600267,2026-08-19,WAS,TOR,93.0,82.0,-12.5,170.0
bdb_1022600268,2026-08-19,GSV,MIN,66.0,77.0,2.5,162.5
bdb_1022600271,2026-08-20,LAS,ATL,88.0,124.0,9.0,180.5
bdb_1022600270,2026-08-20,LVA,CON,101.0,78.0,-14.5,168.5
bdb_1022600269,2026-08-20,DAL,IND,91.0,85.0,3.5,186.0
bdb_1022600273,2026-08-21,CHI,GSV,73.0,70.0,6.0,163.5
bdb_1022600274,2026-08-21,TOR,PDX,82.0,79.0,3.0,183.5
bdb_1022600272,2026-08-21,WAS,MIN,84.0,94.0,1.5,166.0
bdb_1022600276,2026-08-22,LAS,CON,77.0,68.0,-5.5,171.5
bdb_1022600277,2026-08-22,PHO,ATL,89.0,99.0,8.0,177.5
bdb_1022600275,2026-08-22,NYL,IND,109.0,102.0,-1.5,187.0
bdb_1022600281,2026-08-23,TOR,LVA,78.0,88.0,12.5,181.0
bdb_1022600280,2026-08-23,PDX,WAS,100.0,105.0,4.5,166.5
bdb_1022600279,2026-08-23,CHI,IND,90.0,113.0,2.0,188.0
bdb_1022600278,2026-08-23,DAL,SEA,92.0,70.0,-8.5,175.5
bdb_1022600282,2026-08-24,MIN,GSV,66.0,80.0,-4.5,160.5
bdb_1022600283,2026-08-24,LAS,ATL,71.0,78.0,10.5,181.5
bdb_1022600284,2026-08-25,CON,CHI,87.0,81.0,8.0,171.0
bdb_1022600285,2026-08-25,DAL,PDX,96.0,78.0,-8.5,178.0
bdb_1022600286,2026-08-25,PHO,WAS,84.0,94.0,2.0,168.5
bdb_1022600287,2026-08-26,CON,GSV,64.0,89.0,14.5,152.5
bdb_1022600288,2026-08-26,SEA,TOR,90.0,78.0,-6.5,173.5
bdb_1022600289,2026-08-27,NYL,GSV,60.0,79.0,-3.5,162.5
bdb_1022600290,2026-08-27,PHO,WAS,73.0,80.0,5.5,165.0
bdb_1022600291,2026-08-28,ATL,PDX,83.0,101.0,-13.5,179.5
bdb_1022600292,2026-08-28,IND,CON,111.0,91.0,-17.5,179.0
bdb_1022600293,2026-08-28,LVA,TOR,93.0,73.0,-16.0,175.0
bdb_1022600294,2026-08-28,LAS,WAS,88.0,82.0,5.0,166.0
bdb_1022600296,2026-08-29,PHO,TOR,101.0,69.0,-8.0,171.5
bdb_1022600295,2026-08-29,NYL,CHI,85.0,66.0,-9.0,182.5
bdb_1022600299,2026-08-30,PDX,GSV,69.0,86.0,6.0,160.5
bdb_1022600297,2026-08-30,ATL,MIN,89.0,81.0,3.0,177.5
bdb_1022600298,2026-08-30,SEA,LAS,74.0,90.0,2.0,174.5
bdb_1022600300,2026-08-30,DAL,CON,97.0,71.0,-16.0,166.5
