team,gpf,ogpf,dgpf,gou,srs,w,l,rank,ogpf_rank,dgpf_rank,gou_rank,srs_rank
ATL,8.121038942134183,4.531623029625585,3.589415912508597,173.78192575505622,6.227156651592413,31,15,1,3,3,10,3
LVA,7.519712439869529,4.872574228591413,2.647138211278117,175.06515465525254,4.933002709420959,32,15,2,2,4,6,5
GSV,7.403866365112487,-5.162911338483715,12.566777703596202,155.11002959585932,7.073981064547198,33,12,3,14,1,15,1
MIN,6.2876955941812405,3.8217677220634125,2.465927872117828,174.19555848788482,6.400588560258265,34,12,4,4,5,8,2
IND,5.232468695286888,7.5139456097444945,-2.2814769144576057,182.63514116214134,5.015391540186734,28,17,5,1,10,1,4
NYL,3.4827228976266174,2.2153867641649465,1.2673361334616708,173.7877692686425,3.5786345679498286,29,18,6,5,6,9,7
WAS,2.749959192839015,-2.756873812559841,5.506833005398856,164.57601181998055,0.9784113959230837,29,17,7,11,2,14,8
DAL,2.4359477974021067,2.089893847203078,0.3460539501990287,174.58355853494328,3.8177622241626783,28,18,8,6,7,7,6
PHO,-2.9878776140133243,-1.6911624579856062,-1.2967151560277181,172.44527133598135,-2.996430211496465,16,28,9,10,8,12,9
LAS,-3.7781513296518807,-0.07046343177556687,-3.7076878978763137,176.47694310403998,-3.7652226497548127,17,28,10,7,12,4,11
CHI,-5.3799869881132745,-0.45179587044838493,-4.928191117664889,177.31611388515572,-3.7466379134255146,16,28,11,8,14,2,10
PDX,-5.481120745030801,-0.9480728836253639,-4.5330478614054375,176.4246936157193,-4.667259686155474,17,28,12,9,13,5,12
SEA,-6.746887260716173,-3.5674132209535534,-3.1794740397626193,172.4517794567483,-6.337223350255166,8,36,13,13,11,11,13
CON,-8.998613496882747,-7.4822403972169615,-1.5163730996657854,166.87385134038806,-8.670616498949013,11,34,14,15,9,13,15
TOR,-9.860774490043879,-2.91425778834475,-6.946516701699128,176.8719775512936,-7.841538404004712,11,34,15,12,15,3,14
